idx,geo_id,name,centroid_lon,centroid_lat,area_m2,land_m2,water_m2,T_10_CENS_Total,T_10_CENS_White,T_10_CENS_Hispanic,T_10_CENS_Black,T_10_CENS_Asian,T_10_CENS_Native,T_10_CENS_Pacific,T_18_ACS_Total,T_18_ACS_White,T_18_ACS_Hispanic,T_18_ACS_Black,T_18_ACS_Asian,T_18_ACS_Native,T_18_ACS_Pacific,T_19_ACS_Total,T_19_ACS_White,T_19_ACS_Hispanic,T_19_ACS_Black,T_19_ACS_Asian,T_19_ACS_Native,T_19_ACS_Pacific,T_20_CENS_Total,T_20_CENS_White,T_20_CENS_Hispanic,T_20_CENS_Black,T_20_CENS_Asian,T_20_CENS_Native,T_20_CENS_Pacific,T_20_ACS_Total,T_20_ACS_White,T_20_ACS_Hispanic,T_20_ACS_Black,T_20_ACS_Asian,T_20_ACS_Native,T_20_ACS_Pacific,T_22_ACS_Total,T_22_ACS_White,T_22_ACS_Hispanic,T_22_ACS_Black,T_22_ACS_Asian,T_22_ACS_Native,T_22_ACS_Pacific,V_10_VAP_Total,V_10_VAP_White,V_10_VAP_Hispanic,V_10_VAP_Black,V_10_VAP_Asian,V_10_VAP_Native,V_10_VAP_Pacific,V_18_CVAP_Total,V_18_CVAP_White,V_18_CVAP_Hispanic,V_18_CVAP_Black,V_18_CVAP_Asian,V_18_CVAP_Native,V_18_CVAP_Pacific,V_19_CVAP_Total,V_19_CVAP_White,V_19_CVAP_Hispanic,V_19_CVAP_Black,V_19_CVAP_Asian,V_19_CVAP_Native,V_19_CVAP_Pacific,V_20_VAP_Total,V_20_VAP_White,V_20_VAP_Hispanic,V_20_VAP_Black,V_20_VAP_Asian,V_20_VAP_Native,V_20_VAP_Pacific,V_20_VAP_NH_Total,V_20_VAP_NH_White,V_20_VAP_NH_Hispanic,V_20_VAP_NH_BlackAlone,V_20_VAP_NH_AsianAlone,V_20_VAP_NH_NativeAlone,V_20_VAP_NH_PacificAlone,V_20_VAP_NH_OtherAlone,V_20_VAP_NH_TwoOrMore,V_20_CVAP_Total,V_20_CVAP_White,V_20_CVAP_Hispanic,V_20_CVAP_Black,V_20_CVAP_Asian,V_20_CVAP_Native,V_20_CVAP_Pacific,V_22_CVAP_Total,V_22_CVAP_White,V_22_CVAP_Hispanic,V_22_CVAP_Black,V_22_CVAP_Asian,V_22_CVAP_Native,V_22_CVAP_Pacific,V_22_CVAP_RemTwoOrMore,E_08_PRES_Total,E_08_PRES_Dem,E_08_PRES_Rep,E_12_PRES_Total,E_12_PRES_Dem,E_12_PRES_Rep,E_16_PRES_Total,E_16_PRES_Dem,E_16_PRES_Rep,E_16_SEN_Total,E_16_SEN_Dem,E_16_SEN_Rep,E_16_GOV_Total,E_16_GOV_Dem,E_16_GOV_Rep,E_16_AG_Total,E_16_AG_Dem,E_16_AG_Rep,E_18_SEN_Total,E_18_SEN_Dem,E_18_SEN_Rep,E_16-20_COMP_Total,E_16-20_COMP_Dem,E_16-20_COMP_Rep,E_20_PRES_Total,E_20_PRES_Dem,E_20_PRES_Rep,E_20_GOV_Total,E_20_GOV_Dem,E_20_GOV_Rep,E_20_AG_Total,E_20_AG_Dem,E_20_AG_Rep,outer_perimeter_m,parent_state,parent_county,parent_tract,parent_group,parent_vtd
0,18131,Pulaski County,-86.6925383,41.0452718,1125437623.0,1123212810.0,2224813.0,13402,12823,325,104,50,109,4,12660,11962,372,151,88,113,0,12559,11821,378,131,102,119,19,12514,11442,458,153,99,316,12,12482,11715,391,150,70,127,39,12498,11579,422,163,94,112,66,10204,9863,168,60,33,80,4,9705,9300,224,49,40,78,0,9645,9235,235,24,34,87,20,9778,9037,302,79,67,246,4,9778,9037,302,51,33,19,3,9,324,9599,9160,188,110,27,70,40,9705,9195,193,157,19,81,35,30,6033,2466,3368,5228,1876,3352,5485,1327,3854,5341,1859,3109,5255,2069,3001,5056,1350,3706,4359,1617,2583,5247,1613,3473,5806,1463,4246,5768,1019,3874,5552,1454,4098,0.0,18,,,,
1,18013,Brown County,-86.2301205,39.1951133,820069839.0,808043849.0,12025990.0,15242,14761,178,85,78,147,8,15034,14392,249,224,86,123,0,15061,14407,259,154,121,158,0,15475,14463,270,122,97,393,9,15093,14400,272,262,41,154,0,15513,14722,324,135,109,195,56,12070,11766,114,43,47,102,6,12225,11775,128,145,75,108,0,12290,11820,125,99,115,154,0,12642,11909,170,84,73,294,5,12642,11909,170,48,52,29,5,37,392,12353,11854,125,208,29,128,0,12730,12200,175,90,48,152,55,0,8066,3854,4060,7388,3052,4336,8001,2518,5016,7990,2907,4616,7961,3201,4488,7785,2521,5264,7189,2768,4103,8128,2911,4946,8981,3036,5777,8957,2381,4953,8766,3141,5625,0.0,18,,,,
2,18019,Clark County,-85.7111221,38.4762174,975358243.0,965625489.0,9732754.0,110234,93889,5350,9134,1228,844,154,115704,96635,6147,10480,1588,809,306,116505,96940,6263,10822,1667,878,193,121093,95403,7891,12531,2106,3052,279,117410,96756,6450,11100,1704,904,250,121484,98943,7115,12526,1930,1721,173,84124,73647,3268,5882,835,616,86,87242,76636,2178,6892,894,473,30,87836,77016,2085,7165,911,574,15,93523,76607,4795,8183,1420,2280,167,93523,76607,4795,6920,1026,201,82,276,3616,88503,77414,2035,7332,941,568,15,92000,79645,2546,7944,1077,654,15,202,47768,21918,25299,46215,20778,25437,51789,18808,30035,51121,21415,27684,50352,20294,28440,48523,18294,30229,43284,18551,22766,51614,20752,29251,57869,23093,33668,57426,19077,34669,55334,22416,32918,56447.592435848994,18,,,,
3,18109,Morgan County,-86.4474573,39.4826458,1060414817.0,1045924429.0,14490388.0,68894,66782,820,396,377,506,44,69727,67069,1053,576,573,470,0,69931,67134,1102,603,625,505,6,71780,66972,1274,811,507,1750,59,70141,66924,1176,640,666,524,5,71757,67914,1320,846,671,659,87,51566,50314,501,152,220,364,27,53275,51710,663,271,225,362,0,53570,51920,705,292,274,376,0,55773,52548,783,399,341,1328,34,55773,52548,783,240,216,157,11,110,1708,53889,52145,737,311,282,357,0,55445,53545,778,370,341,386,0,80,28905,10330,18129,27524,7936,19588,31446,6040,23674,31037,7821,21193,30919,9356,20430,29899,5926,23973,25158,6471,17539,31540,7514,22903,36155,7781,27512,35947,5602,22161,34884,7826,27058,0.0,18,,,,
4,18053,Grant County,-85.6549455,40.5157575,1074586275.0,1072484471.0,2101804.0,70054,60632,2511,5917,615,580,61,66944,56999,2814,6003,821,545,93,66452,56430,2846,6044,830,683,96,66674,54500,3412,6403,771,1571,58,66055,55888,2938,6176,808,827,49,66560,55894,3145,6191,847,974,88,54890,48921,1504,3691,429,436,46,52750,46380,1689,3696,498,386,30,52100,45895,1697,3665,323,464,15,52856,44576,2173,4190,575,1213,40,52856,44576,2173,3532,430,131,16,144,1854,51781,45509,1733,3692,344,450,2,51775,45460,1698,3748,350,464,0,83,26542,11292,14731,24669,9555,15114,25572,7010,17008,25272,8345,15280,25065,9257,14928,24259,6951,17308,20067,6745,12393,24715,7812,16051,27142,8015,18543,27021,5849,16847,26138,7872,18266,0.0,18,,,,
5,18141,St. Joseph County,-86.2880476,41.6177233,1194983074.0,1185636242.0,9346832.0,266931,201701,19395,38255,6342,2825,428,269240,196732,22901,40212,8084,2790,740,270271,196114,23503,40906,8453,2792,676,272912,188556,26576,43155,8881,6184,462,270881,194591,24153,41597,8763,2854,594,272388,192343,25949,42310,9305,3318,427,201080,160256,11224,23861,4545,1882,251,196165,157230,9478,24200,3220,1447,151,196940,156910,10129,24535,3327,1511,139,210201,153930,16814,28043,6580,4385,311,210201,153930,16814,24853,5307,600,139,866,7692,197704,156508,10696,24753,3765,1528,68,199675,155975,11919,25391,4305,1536,133,476,118828,68710,48510,108931,56433,52498,111842,52252,52021,110965,56749,47353,110149,57835,48839,106554,45320,61234,93287,53758,36456,108128,56116,48510,114985,59896,53164,114693,48610,60696,110066,56536,53530,38343.97844281356,18,,,,
6,18149,Starke County,-86.6446359,41.2844785,808608956.0,800679813.0,7929143.0,23363,22212,766,132,75,209,2,22941,21655,835,186,214,84,5,22953,21629,869,340,88,54,2,23371,21395,902,172,123,569,24,22996,21544,919,303,94,150,1,23308,21450,1037,140,119,448,1,17667,16942,472,60,52,153,2,17375,16760,473,37,44,44,0,17400,16755,516,52,29,44,0,18150,16816,584,96,78,409,17,18150,16816,584,47,29,50,0,34,590,17473,16728,574,41,16,83,0,17850,16870,648,72,36,236,0,14,9536,4779,4474,8564,3806,4758,9316,2489,6367,9039,3443,4895,8968,3903,4694,8677,2931,5746,7581,3117,4148,9106,3056,5745,10290,2650,7466,10183,2026,6730,9738,2877,6861,0.0,18,,,,
7,18045,Fountain County,-87.2348725,40.1212366,1030503333.0,1024774340.0,5728993.0,17240,16598,373,67,70,132,8,16486,15732,406,126,91,141,10,16430,15660,414,136,78,159,6,16479,15349,412,174,85,363,25,16456,15653,427,139,107,151,15,16468,15524,464,81,109,262,14,13066,12672,228,28,43,92,6,12665,12265,195,75,4,120,0,12670,12240,239,42,4,147,0,12907,12139,268,80,71,273,8,12907,12139,268,34,37,32,1,19,377,12723,12254,246,47,1,117,0,12805,12310,270,44,8,186,0,22,7491,3094,4158,6881,2216,4665,7534,1476,5662,7503,2071,4982,7474,2404,4792,7282,1468,5814,5869,1496,4060,7315,1768,5278,7983,1629,6154,7952,1150,5189,7861,1811,6050,0.0,18,,,,
8,18159,Tipton County,-86.0562066,40.3102294,674865626.0,674797598.0,68028.0,15936,15355,346,77,88,66,15,15218,14472,412,74,117,101,61,15145,14372,425,138,118,112,0,15359,14367,434,136,113,254,20,15154,14330,458,174,133,125,0,15328,14454,469,196,163,120,7,12233,11915,190,22,56,47,11,11995,11495,258,48,54,97,40,11920,11495,213,33,74,107,0,12072,11433,277,47,75,197,14,12072,11433,277,31,38,12,0,29,252,11843,11493,180,43,39,88,0,12070,11610,250,62,58,76,0,4,7839,3240,4428,7203,2416,4787,7570,1587,5589,7519,2260,4760,7463,2492,4712,7188,1561,5627,6127,1734,4062,7416,1969,5191,8115,1834,6110,8076,1200,5169,7811,1987,5824,0.0,18,,,,
9,18025,Crawford County,-86.4408711,38.2894327,799735894.0,791534788.0,8201106.0,10713,10390,126,47,36,103,13,10581,10188,151,72,2,211,0,10569,10151,158,64,7,230,0,10526,9989,121,89,33,236,15,10582,10140,169,68,10,223,0,10511,10016,79,217,132,170,0,8218,8037,56,21,22,73,11,8230,8000,62,28,4,139,0,8145,7985,62,43,4,63,0,8221,7871,71,41,17,176,6,8221,7871,71,14,14,14,0,8,229,8236,7982,79,41,10,91,0,8230,7915,80,87,54,63,0,20,4803,2286,2393,4471,2037,2434,4642,1323,3015,4570,1890,2500,4466,1924,2381,4154,1346,2808,3957,1501,2249,4503,1572,2779,4944,1355,3483,4859,1242,3064,4583,1494,3089,29998.040698916047,18,,,,
10,18155,Switzerland County,-85.029681,38.8258545,579058090.0,571526245.0,7531845.0,10613,10318,147,56,23,62,5,10628,10157,208,131,93,39,70,10685,10191,211,150,97,36,75,9737,9262,114,80,47,192,17,10727,10216,211,155,73,53,82,9896,9340,207,123,24,156,42,7891,7726,70,31,14,48,3,7905,7655,94,44,69,35,0,7955,7690,84,45,95,40,0,7347,7012,66,41,41,159,13,7347,7012,66,14,20,24,0,9,202,8073,7753,104,85,76,51,0,7490,7175,103,58,8,134,0,15,3688,1638,1940,3291,1424,1867,3709,930,2558,3642,1242,2260,3595,1379,2116,3459,1057,2402,2925,936,1874,3642,1063,2484,4152,964,3133,4080,822,2846,3951,984,2967,59088.05688358513,18,,,,
11,18035,Delaware County,-85.3992617,40.2275433,1025400013.0,1015536280.0,9863733.0,117671,103721,2088,9525,1577,921,188,115616,100534,2751,9726,2067,801,278,115019,99835,2847,9796,2036,838,270,111903,93333,3533,10558,1936,2204,162,114461,99008,2873,9777,2152,868,155,112156,96143,3003,9672,2267,984,194,94098,84658,1324,6335,1206,660,116,92360,82980,1564,6385,683,543,84,92315,82600,1697,6505,775,537,90,90284,76990,2510,7366,1457,1668,99,90284,76990,2510,6274,1115,166,40,248,2941,92141,82260,1676,6568,847,587,56,90830,80709,2012,6501,819,685,24,182,50190,28394,20916,43884,22661,21223,45509,18153,24263,44896,20578,21557,44638,22195,20777,43038,17597,25441,37705,18159,17447,44633,19980,22919,48191,20474,26827,47949,15638,26829,47076,20242,26834,0.0,18,,,,
12,18147,Spencer County,-87.0103746,38.0096966,1039903457.0,1027918647.0,11984810.0,20952,20101,517,166,91,93,2,20526,19495,589,245,85,95,13,20447,19397,593,262,92,98,0,19810,18368,676,254,134,317,9,20364,19233,604,259,91,102,1,19935,18727,636,278,101,117,1,15889,15397,275,83,57,81,1,15815,15305,248,137,49,86,15,15755,15255,230,149,47,79,0,15448,14512,395,157,90,240,5,15448,14512,395,108,61,40,1,16,315,15803,15246,259,152,66,98,0,15370,14800,257,154,77,87,0,14,10264,5037,4998,9541,4036,5505,10048,2861,6572,9883,3960,5465,9774,4030,5511,9518,3034,6484,8875,3218,5202,9949,3595,6066,10769,3213,7357,10659,2461,7272,10452,4314,6138,59322.5951254611,18,,,,
13,18085,Kosciusko County,-85.8615754,41.2442928,1435871301.0,1376434729.0,59436572.0,77358,69531,5634,871,832,525,55,78806,69436,6245,1084,1241,480,67,79035,69428,6293,1140,1277,675,106,80240,67990,7492,1292,1677,1492,83,79156,69253,6386,1176,1350,594,132,80442,69605,6787,1309,1556,683,37,57541,52970,3200,443,576,373,36,57550,53740,2389,581,459,345,10,57595,53740,2363,600,462,369,25,61326,53352,4695,722,1233,1071,55,61326,53352,4695,485,1051,130,14,136,1463,57791,53815,2437,619,428,345,28,59325,54585,3131,704,557,375,0,23,30333,9236,20488,29359,6808,22551,32423,6313,23917,32202,8025,22188,32022,8454,22296,31283,5823,25460,26381,6801,18558,32051,7611,23296,35766,8364,26499,35658,5784,23029,34473,8144,26329,0.0,18,,,,
14,18011,Boone County,-86.4690137,40.0508916,1096136747.0,1095260006.0,876741.0,56640,53151,1270,741,1214,305,30,64321,58620,1842,1445,2058,404,0,65544,59386,1966,1571,2280,412,0,70812,61135,2775,2065,3074,1297,85,66875,60151,2108,1743,2552,427,0,71235,62878,2488,2244,3132,412,72,40723,38707,704,406,711,209,18,45825,43185,950,804,697,181,0,46705,43825,904,897,802,244,0,52065,45832,1762,1284,1942,886,43,52065,45832,1762,1036,1716,93,13,154,1459,47787,44560,1123,1013,783,206,0,51725,47280,1297,1349,1333,344,0,114,26775,9752,16622,27121,8317,18804,32537,10181,19654,32266,10583,19966,32148,11868,19269,30970,8314,22656,27540,10981,15540,33330,12025,20136,38500,15244,22351,38492,9661,23737,37421,13506,23915,0.0,18,,,,
15,18075,Jay County,-85.0023313,40.434956,994768675.0,994310119.0,458556.0,21253,20356,577,102,122,98,8,20993,19944,640,152,155,134,1,20840,19773,647,162,210,79,1,20478,18892,944,173,131,300,18,20697,19604,666,165,137,161,1,20451,19266,702,199,121,355,13,15609,15103,305,49,77,76,7,15455,14845,324,86,79,104,0,15450,14740,465,72,119,49,0,15233,14200,612,91,84,214,12,15233,14200,612,38,51,17,9,9,297,15341,14695,445,66,81,128,0,15135,14515,392,95,69,90,0,4,8515,3748,4501,7675,3026,4649,8022,1889,5697,7850,2721,4529,7816,2935,4603,7504,1853,5651,6291,1933,3990,7701,2202,5225,8456,1926,6361,8405,1240,5227,8253,2051,6202,29187.803451900803,18,,,,
16,18153,Sullivan County,-87.4158429,39.0892251,1176154580.0,1158170861.0,17983719.0,21475,19930,294,1024,76,170,2,20792,19135,357,1018,154,186,0,20730,19056,360,995,173,208,9,20817,18856,334,995,97,451,21,20647,18864,368,973,269,147,6,20791,18895,374,1165,52,207,6,16885,15601,203,923,48,125,1,16580,15270,240,790,135,182,0,16620,15250,230,804,155,198,0,16588,14986,229,900,56,322,15,16588,14986,229,849,30,38,5,24,427,16595,15236,228,785,249,141,0,16570,15365,204,824,50,139,0,4,8886,4284,4343,8101,3186,4915,8613,2113,6138,8452,3856,4164,8523,4720,3623,7746,2566,5180,7398,2663,4340,8381,2985,5180,8994,2153,6691,8916,1550,6009,8691,2609,6082,68667.50750793234,18,,,,
17,18181,White County,-86.8642934,40.7509496,1317473071.0,1308303895.0,9169176.0,24643,22470,1746,126,140,214,18,24217,21683,1973,225,154,221,8,24149,21572,2021,236,159,231,16,24688,21203,2453,283,165,565,32,24163,21485,2083,229,161,187,14,24630,21727,2232,282,148,160,24,18683,17464,950,56,88,153,11,17765,17085,388,71,54,137,0,17835,16970,509,94,83,141,0,18989,16842,1452,143,102,397,20,18989,16842,1452,77,76,34,6,20,482,17805,16969,495,114,86,154,0,18135,17225,534,143,85,134,0,4,10888,4839,5731,9586,3624,5962,10091,2590,6887,10083,3255,6128,10046,3586,6074,9840,2546,7294,8492,2736,5102,10097,3005,6683,11159,3032,7957,11138,1978,7334,10842,2902,7940,0.0,18,,,,
18,18113,Noble County,-85.4172708,41.4046794,1081145981.0,1064083614.0,17062367.0,47536,42104,4567,335,267,290,30,47451,41384,4858,354,355,526,7,47499,41354,4888,393,420,566,22,47457,40235,5250,489,465,963,49,47640,41363,4974,705,411,301,49,47431,40759,5076,774,436,318,166,34686,31611,2555,150,161,214,22,34070,31770,1642,161,167,301,0,34085,31790,1653,148,200,291,10,35539,30853,3323,259,310,722,36,35539,30853,3323,158,175,60,0,69,901,34250,31916,1548,318,261,151,35,34490,31650,1896,356,317,225,65,0,17103,7064,9673,15912,5242,10670,17104,3904,12198,16726,4996,10509,16625,5512,10475,16204,3616,12588,13689,4132,8993,16894,4648,11671,19190,4660,14195,19088,3237,12498,18470,4753,13717,0.0,18,,,,
19,18021,Clay County,-87.1158582,39.3939279,933228003.0,926180620.0,7047383.0,26890,26146,307,183,85,156,15,26268,25283,98,575,121,212,14,26236,25223,142,546,130,223,22,26466,24880,460,337,155,519,25,26231,25089,393,348,128,211,6,26396,24958,464,453,147,245,18,20449,19985,188,90,53,126,10,20140,19580,31,332,45,190,0,20155,19535,67,301,55,196,10,20452,19389,282,198,95,397,10,20452,19389,282,103,62,36,2,26,552,20047,19497,152,184,56,158,0,20220,19560,253,219,55,107,19,8,8166,3563,4389,10530,3455,7075,11331,2306,8528,11118,3979,6439,11059,4260,6457,10565,2521,8044,9277,2601,6207,11056,3037,7674,12259,2552,9499,12186,1780,8164,11747,2765,8982,0.0,18,,,,
20,18079,Jennings County,-85.628103,38.9962289,979910598.0,975382324.0,4528274.0,28525,27361,571,327,107,166,5,27727,26400,663,480,55,123,0,27710,26332,683,498,63,129,0,27613,25665,859,336,114,570,14,27639,26205,728,484,14,202,0,27610,25989,808,414,139,329,0,20995,20300,307,184,69,139,3,20970,20340,210,290,10,120,0,21080,20320,263,345,20,130,0,21054,19839,455,191,71,437,7,21054,19839,455,133,35,36,0,27,529,21052,20296,277,276,16,150,0,21060,20240,324,219,35,191,0,70,11879,5312,6261,9943,3812,6131,11231,2364,8224,11171,3702,6949,11042,3609,7089,10681,2604,8077,9149,2686,5921,11074,2916,7786,12251,2523,9490,12153,1930,7547,11747,2731,9016,0.0,18,,,,
21,18027,Daviess County,-87.076943,38.6960898,1131498804.0,1112396615.0,19102189.0,31648,29696,1314,311,195,142,21,32937,30289,1583,755,189,109,10,33120,30324,1646,846,149,142,15,33381,29708,2103,904,234,372,26,33277,29795,1777,847,184,140,8,33337,29592,1897,962,337,215,0,22528,21424,722,147,137,108,12,22595,21775,349,295,70,110,0,22625,21760,302,348,64,145,0,23699,21435,1216,567,136,298,17,23699,21435,1216,446,77,32,4,48,441,22902,21821,452,386,101,135,0,22890,21750,502,401,125,125,0,0,10734,3370,7098,10001,2385,7616,10819,1800,8545,10678,3131,7096,10728,4049,6460,10190,1937,8253,8739,1901,6555,10655,2546,7869,11949,2169,9576,11860,1531,8313,11404,2473,8931,0.0,18,,,,
22,18033,DeKalb County,-85.0026969,41.3967596,942389381.0,939731962.0,2657419.0,42223,40406,1031,298,264,258,39,42704,40599,1188,213,309,524,3,42930,40790,1202,527,348,254,0,43265,40232,1185,437,349,844,83,43193,41013,1240,454,360,227,0,43312,40839,1328,537,419,249,0,31087,30111,554,121,136,172,24,31970,30820,647,64,159,277,0,32205,31000,703,203,143,167,0,32726,30760,724,228,225,594,68,32726,30760,724,114,161,59,37,50,821,32546,31259,762,239,149,187,0,32620,31210,834,253,154,178,0,20,17299,7175,9780,15966,5392,10574,16995,3941,12054,16673,5028,10229,16565,5339,10501,16189,3596,12593,13932,4204,9167,16994,4713,11673,19628,4966,14237,19493,3293,13042,18706,5002,13704,28820.332968306204,18,,,,
23,18067,Howard County,-86.1141178,40.4835368,761253166.0,759058590.0,2194576.0,82647,72025,2202,6874,1000,782,70,82387,70322,2691,7473,1239,728,74,82349,70063,2769,7610,1287,755,160,83658,68470,3060,8472,1451,1981,105,82486,69694,2877,7806,1378,885,161,83452,69759,3155,8126,1529,1386,143,63096,56517,1272,4238,636,562,41,62815,55675,1421,4651,474,533,14,63050,55590,1618,4736,469,518,14,65147,55083,1861,5344,1049,1508,58,65147,55083,1861,4632,840,171,18,182,2360,63036,55343,1616,4805,555,543,3,63840,55550,1798,4967,719,623,4,218,38333,17459,20245,35370,15092,20278,37361,11223,23685,37140,14319,20413,37011,15816,19904,35948,11837,24111,29272,11159,16736,36781,13193,22256,40610,13303,26449,40547,9871,24359,39768,13369,26399,0.0,18,,,,
24,18125,Pike County,-87.2325472,38.3979613,883430225.0,865841645.0,17588580.0,12845,12544,120,62,43,69,8,12411,11977,101,177,109,41,0,12378,11923,115,183,136,16,0,12250,11666,180,108,35,215,20,12364,11897,181,119,89,72,0,12227,11703,279,91,47,76,0,9965,9787,58,32,28,50,8,9590,9410,25,95,15,40,0,9510,9375,25,85,15,15,0,9501,9085,108,60,29,173,18,9501,9085,108,29,15,31,0,6,227,9626,9335,140,63,15,65,0,9590,9195,218,65,45,63,0,0,6105,2700,3221,5736,2119,3617,6024,1297,4399,5949,2228,3405,5917,2671,3115,5595,1581,4014,5161,1680,3236,5827,1872,3798,6220,1415,4692,6141,1092,4199,5991,2043,3948,0.0,18,,,,
25,18029,Dearborn County,-84.975868,39.1408973,796190278.0,790171258.0,6019020.0,50047,48486,502,492,286,249,44,49501,47648,614,612,305,263,75,49479,47567,646,615,306,265,76,50679,47319,724,675,410,1144,66,49612,47702,667,561,311,266,139,50709,48452,743,631,326,301,144,37532,36575,290,264,189,199,29,38055,36940,410,289,160,223,10,38015,36995,346,303,165,133,15,39363,37114,434,356,270,873,46,39363,37114,434,211,170,66,6,94,1268,38273,37208,316,286,180,210,36,39280,38030,393,315,212,234,40,59,22295,7124,14886,21903,6517,15386,24131,4883,18113,23517,5251,17288,23227,5936,16606,22769,4819,17950,18256,4481,13288,23180,5211,17395,25361,5446,19528,25295,4559,18353,24966,5401,19565,34606.121575502926,18,,,,
26,18071,Jackson County,-86.0425161,38.9119571,1331010516.0,1320836472.0,10174044.0,42376,38826,2410,439,427,295,47,43938,38994,2903,635,977,305,62,44025,38802,3086,664,1052,373,27,46428,37815,6251,837,634,1264,33,44077,38454,3238,710,1125,399,19,46212,39744,3791,810,1254,566,112,31960,29714,1532,238,276,209,29,31855,30205,729,355,304,194,0,32010,30115,771,430,439,224,15,34993,29688,3674,493,427,906,20,34993,29688,3674,349,355,53,4,56,814,31875,30013,603,598,399,216,20,33320,31225,683,633,413,275,30,55,17576,7354,9826,16238,5837,10401,17667,3843,12859,17620,5626,11269,17406,5613,11320,16849,4289,12560,14414,4198,9431,17409,4655,12225,19238,4302,14555,19136,3234,11714,18258,4374,13884,0.0,18,,,,
27,18101,Martin County,-86.8018468,38.705322,881648966.0,869615721.0,12033245.0,10334,10125,70,40,41,63,2,10210,9913,107,82,13,86,0,10212,9910,117,79,19,87,0,9812,9335,92,79,76,226,16,10169,9570,247,122,59,129,5,9863,9329,129,88,72,70,9,7853,7716,44,16,33,47,1,7900,7680,57,84,14,67,0,7930,7710,62,79,18,61,0,7563,7247,52,43,47,158,13,7563,7247,52,10,28,18,6,11,191,7891,7548,152,79,46,68,0,7660,7460,55,22,52,69,0,24,4945,1706,3122,4595,1332,3263,4846,881,3697,4794,1595,2934,4774,1823,2829,4498,1062,3436,4324,1127,2997,4791,1281,3366,5144,1011,4029,5118,709,3232,4935,1290,3645,0.0,18,,,,
28,18177,Wayne County,-85.0067351,39.8630908,1047241244.0,1040539270.0,6701974.0,68917,61322,1804,4558,734,629,138,66613,58859,1949,4621,879,549,72,66342,58470,1990,4641,916,782,76,66553,56689,2495,4715,994,1380,57,66176,58010,2065,4724,964,876,42,66522,57927,2212,4857,1033,1187,46,53034,48204,1023,2917,517,454,114,51210,46625,896,2859,410,388,0,50885,46395,882,2856,358,379,0,51683,45112,1499,3042,732,1040,40,51683,45112,1499,2398,576,116,12,195,1775,50650,46176,956,2811,243,450,1,50350,46045,751,2662,255,520,4,274,28665,13459,14558,24834,10530,14304,25579,8322,16028,25690,9309,14703,25694,9518,13472,24968,7929,17039,19762,7482,11241,25148,8874,15154,27662,9524,17567,27620,7534,16914,27164,9319,17845,31001.736568329532,18,,,,
29,18145,Shelby County,-85.7921742,39.5241345,1069034150.0,1064843749.0,4190401.0,44436,41622,1647,646,336,241,34,44399,41011,1844,755,441,267,89,44438,41007,1873,785,453,271,145,45055,40305,2377,956,515,805,47,44559,40965,1984,861,455,260,167,44940,41010,2185,993,472,238,11,33591,31902,964,358,214,187,24,33430,32085,550,441,84,234,0,33570,32085,639,447,94,234,0,34854,31853,1372,587,349,609,26,34854,31853,1372,425,260,54,3,75,812,33676,32167,629,474,74,233,0,33935,32370,803,462,135,174,0,4,17679,6987,10332,16324,5348,10976,18080,4247,12718,17933,5549,11267,17852,6162,10998,17334,4013,13321,14418,4333,9340,17880,5070,12147,19991,5023,14568,19867,3499,12269,19096,5207,13889,0.0,18,,,,
30,18105,Monroe County,-86.52331,39.1607286,1065317579.0,1021806945.0,43510634.0,137974,118837,4029,5857,8487,1141,167,145403,121893,4895,6773,11434,1341,209,146461,122315,4998,6798,11749,1386,262,139718,112490,6358,7419,10220,2791,206,147318,122700,5169,6825,11769,1311,252,140065,115885,5286,6864,11202,1283,189,115503,100310,2960,4253,7293,892,128,114275,102345,2915,4322,3636,756,10,115380,102945,3046,4427,3814,760,15,116544,95055,4926,5336,8635,2128,148,116544,95055,4926,3995,7395,182,28,423,4540,116140,103568,3015,4589,3985,734,3,111080,97880,3281,4723,4366,793,4,189,63163,41448,21078,55916,33431,22485,58480,34236,20600,58796,34260,21057,58219,36379,19921,56009,32076,23933,51911,34194,15542,58653,36243,20392,63037,39861,22071,62523,33033,24605,61592,38405,23187,0.0,18,,,,
31,18103,Miami County,-86.0442575,40.7728833,977431577.0,968246953.0,9184624.0,36903,33307,906,1941,219,592,30,35901,31959,1109,2053,258,532,37,35815,31775,1151,2110,290,537,6,35962,31123,1186,2275,257,1047,46,35684,31534,1225,2126,281,542,0,35952,31353,1322,2243,294,569,6,28510,25786,562,1604,135,451,20,27950,25085,596,1651,123,452,29,27875,24990,587,1697,136,477,4,28125,24564,724,1785,185,756,29,28125,24564,724,1632,111,230,4,64,796,27724,24879,648,1703,60,462,0,28070,25045,789,1721,56,446,4,18,14210,5564,8312,12376,4196,8180,13601,2766,9975,13299,3836,8453,13241,4596,8094,12832,3040,9792,10364,2862,6975,13080,3401,9168,14466,3235,10925,14361,2439,9208,13891,3297,10594,0.0,18,,,,
32,18095,Madison County,-85.7224543,40.166203,1173016937.0,1170470206.0,2546731.0,131636,113577,4189,12333,851,907,106,129505,110235,5074,12549,1091,894,40,129458,109840,5301,12563,1104,972,91,130129,106928,6263,12320,1130,3000,121,129486,109125,5492,12566,1164,988,95,130545,108813,6053,12671,1201,1145,183,101247,89230,2427,8495,550,668,62,99660,87915,1764,8724,630,589,4,99660,87810,1810,8800,565,625,4,101952,86001,3738,8723,783,2285,78,101952,86001,3738,7848,523,219,27,267,3329,99995,87782,1987,8815,619,663,0,101320,88160,2713,9075,560,697,0,263,57569,30167,26416,51179,24378,26801,54397,18600,32389,53954,22188,28057,53708,24043,27586,52102,18427,33675,44064,18698,22840,51410,20564,28771,51765,19524,31215,51806,14254,29434,51107,20511,30596,0.0,18,,,,
33,18133,Putnam County,-86.8533729,39.6655479,1250171779.0,1244585887.0,5585892.0,37963,35128,587,1648,362,247,38,37559,34494,716,1230,900,245,27,37382,34302,721,1071,1054,261,37,36726,33150,784,1253,545,705,100,37419,34253,753,1057,1119,252,15,36942,33745,764,1058,1112,224,0,29967,27620,429,1481,267,183,27,29820,27705,536,1073,258,182,14,29345,27490,406,974,213,190,14,29577,26658,591,1074,455,560,84,29577,26658,591,971,330,65,7,107,848,29501,27479,552,938,262,205,12,29180,27045,512,977,428,178,0,10,14720,6331,8086,13487,4478,9009,14818,3356,10637,14692,4319,9510,14634,5049,9094,14178,3204,10974,11899,3512,7814,14783,4024,10249,16595,3946,12278,16520,2876,9375,16285,4099,12186,0.0,18,,,,
34,18097,Marion County,-86.1357939,39.7829759,1043787673.0,1027221229.0,16566444.0,903393,537905,84466,256418,22872,8132,1258,944523,528704,96260,283045,35010,8201,1097,951879,525878,98928,288782,37577,8337,953,977203,493665,129286,294394,47232,20264,1540,957337,519576,100911,295471,40491,8007,1009,971737,510594,107973,304568,46560,11512,1232,676888,433712,51735,172979,16335,5715,782,656760,428208,26355,184688,11961,4499,185,661685,427309,28185,187203,12850,4459,155,742442,411843,81133,205970,32245,15021,1072,742442,411843,81133,191837,27888,1424,291,3268,24758,666602,425175,30835,190716,13748,4220,160,675035,421933,36183,193654,16963,4589,175,2442,378025,240295,134005,352680,216311,136369,366879,212899,130360,365454,213483,131576,364461,226116,127462,355480,199611,155869,307105,197880,98385,362882,224023,127167,389175,247772,134175,390854,203475,152405,388079,246140,141939,0.0,18,,,,
35,18121,Parke County,-87.1969502,39.7742496,1165477479.0,1151822275.0,13655204.0,17339,16545,215,436,44,108,5,16996,16085,262,360,41,103,148,16946,16013,274,291,30,326,20,16156,15329,225,259,62,229,2,16912,15986,265,482,57,110,3,16327,15419,157,406,25,309,14,13626,12983,140,399,28,76,3,13160,12615,99,179,30,106,140,13170,12555,95,174,24,303,0,12372,11786,134,205,38,180,1,12372,11786,134,177,25,44,0,6,200,13074,12540,89,271,50,108,0,12680,12060,69,282,8,235,0,35,7053,2924,3909,6326,2097,4229,6636,1441,4863,6635,2339,3859,6639,2608,3824,6400,1538,4862,5342,1499,3532,6444,1815,4428,7013,1503,5400,6972,1127,4766,6725,1667,5058,0.0,18,,,,
36,18183,Whitley County,-85.5018918,41.1364261,875194498.0,869117984.0,6076514.0,33292,32147,515,199,184,259,28,33649,32138,675,275,276,280,14,33730,32187,694,284,281,267,0,34191,31832,841,347,335,657,26,33899,32101,726,312,305,283,0,34259,31966,816,403,270,313,0,25109,24461,288,84,111,167,13,25655,24870,313,146,142,180,0,25795,24920,380,157,137,195,0,26370,24830,520,185,216,458,8,26370,24830,520,98,134,62,0,56,670,25980,25050,414,153,144,175,0,26280,25270,494,200,107,191,0,19,15250,5861,9122,14644,4412,10232,15759,3379,11358,15579,4500,9865,15522,4933,9972,14993,3056,11937,13384,3818,9019,15724,4186,10946,17549,4234,12862,17451,2738,11522,16828,4300,12528,0.0,18,,,,
37,18041,Fayette County,-85.1850315,39.6396552,557267985.0,556901577.0,366408.0,24277,23392,223,428,101,126,7,23259,22252,267,658,48,37,0,23196,22154,289,649,21,84,0,23398,22014,273,509,129,409,11,23068,21709,297,659,31,65,0,23391,21954,340,572,59,201,10,18459,17892,124,270,74,99,5,18030,17390,144,449,15,34,0,17985,17360,123,428,10,80,0,18313,17379,183,317,72,292,8,18313,17379,183,225,46,21,2,27,430,17875,17267,63,440,10,70,0,18125,17515,113,284,40,118,0,54,9534,4389,4917,8600,3559,5041,9598,2252,6839,9383,3170,5602,9295,3369,5485,8951,2331,6620,7464,2295,4704,9271,2599,6301,10136,2237,7755,10054,1707,6933,9697,2343,7354,0.0,18,,,,
38,18001,Adams County,-84.9361303,40.7457327,880509420.0,877815496.0,2693924.0,34387,32521,1412,190,119,160,16,35195,32917,1588,413,152,57,0,35376,33071,1601,434,158,55,0,35809,33080,1637,349,211,490,38,35544,33161,1626,448,182,90,1,35827,33254,1673,426,193,271,1,23673,22621,813,67,69,106,11,24020,22750,954,222,64,31,0,24175,22825,984,272,65,28,0,24641,22915,1038,176,140,358,20,24641,22915,1038,90,94,65,3,30,406,24158,22903,929,228,45,33,0,24505,23100,989,263,44,168,0,8,13595,4928,8404,12701,3777,8924,13194,2805,9648,13139,3840,8430,13053,4272,8408,12704,2650,10054,11146,3146,7511,13049,3440,9183,14209,3236,10686,14154,2143,9441,13872,3439,10433,39022.72781267453,18,,,,
39,18175,Washington County,-86.1047512,38.6006126,1337973091.0,1330443086.0,7530005.0,28262,27539,304,111,128,188,6,27827,26938,369,199,145,197,33,27844,26943,374,168,142,222,38,28182,26600,400,313,176,568,24,27942,27012,374,225,135,169,41,28133,26960,397,366,75,181,15,21136,20723,151,52,70,136,6,21375,20810,228,80,101,135,0,21450,20840,232,90,122,130,0,21658,20653,228,144,112,411,20,21658,20653,228,75,75,49,10,47,521,21498,20904,237,49,120,113,0,21690,21095,249,154,57,121,0,39,11350,4562,6519,10429,3888,6541,11382,2636,8209,11375,3773,7197,11227,3593,7293,10887,2782,8105,9381,2806,6127,11187,3045,7809,12131,2784,9114,12073,2408,7919,11809,2829,8980,0.0,18,,,,
40,18009,Blackford County,-85.3237297,40.4726717,428858163.0,427559406.0,1298757.0,12766,12403,117,95,39,100,13,12129,11615,191,42,48,234,0,12013,11475,196,54,108,182,0,12112,11278,252,166,63,320,19,11926,11374,207,182,42,125,0,12074,11427,141,366,24,137,0,9852,9634,67,46,27,77,6,9480,9165,77,15,0,225,0,9350,9075,72,29,4,169,0,9527,8986,155,79,42,245,8,9527,8986,155,43,19,29,0,19,276,9242,8977,53,62,4,121,0,9345,9015,45,164,4,76,0,40,5376,2635,2592,4636,1925,2711,4881,1243,3350,4820,1707,2748,4789,1857,2719,4607,1275,3332,3878,1275,2303,4782,1460,3122,5349,1376,3841,5283,933,3333,5179,1413,3766,0.0,18,,,,
41,18063,Hendricks County,-86.5099075,39.7689632,1058730190.0,1053849394.0,4880796.0,145448,128664,4379,8091,3757,777,170,160940,136697,6016,12155,5265,942,136,163802,138000,6395,13309,5574,979,65,174788,139374,8056,16144,7239,3325,296,166806,138805,6831,14215,5905,990,71,175639,142034,7963,16987,6596,1037,390,105540,94943,2621,5127,2404,529,106,116710,103340,2482,7598,2516,552,15,119470,104690,3038,8147,2831,621,15,130334,107175,5022,10206,4921,2339,187,130334,107175,5022,9143,4191,205,55,441,4102,122092,106190,3576,8678,2915,625,8,128715,109740,4326,10163,3546,627,24,307,65096,24552,39728,65373,21073,44300,76184,22600,48337,75057,24427,46722,74626,27180,45207,72151,20170,51981,62812,23599,36966,77014,26827,47680,88458,32604,53802,88122,23179,50697,85870,30711,55159,0.0,18,,,,
42,18093,Lawrence County,-86.4878198,38.8398148,1170490060.0,1163282503.0,7207557.0,46134,44562,545,301,315,418,32,45619,43677,743,444,390,513,42,45548,43582,761,473,383,499,63,45011,42224,765,475,373,1035,43,45552,43292,766,806,382,193,26,45113,42577,811,445,399,618,4,35262,34266,309,171,202,316,17,35245,34210,338,162,155,270,15,35240,34215,292,201,174,285,25,35398,33547,452,274,227,758,25,35398,33547,452,160,163,112,4,56,904,35283,34269,276,456,161,69,0,35340,34040,431,225,252,367,4,14,18616,7208,11018,17390,5754,11636,19238,4210,14035,18830,5493,12327,18663,6402,11683,17938,4330,13608,15496,4434,10274,18839,5045,13186,21025,4961,15601,20868,3616,13371,20139,4975,15164,0.0,18,,,,
43,18073,Jasper County,-87.1188137,41.0176883,1453992406.0,1449563752.0,4428654.0,33478,30988,1823,310,194,191,29,33449,30653,1999,613,259,184,4,33447,30626,2012,505,223,232,3,32918,29084,2342,313,195,730,41,33433,30095,2050,711,145,298,3,33045,29203,2149,706,92,316,0,24884,23414,1053,176,116,140,18,25005,23610,874,312,125,80,0,24995,23670,782,221,164,140,0,25032,22619,1365,149,127,512,28,25032,22619,1365,89,64,39,10,31,815,25271,23806,897,283,74,168,0,24970,23490,1033,270,26,145,0,14,12961,5044,7669,12587,4633,7954,13478,3329,9382,13241,4106,8556,13195,4730,8086,12804,3709,9095,10586,3278,6987,13389,3777,9261,15469,3798,11383,15371,2904,10378,14923,3658,11265,0.0,18,,,,
44,18151,Steuben County,-85.0024051,41.643467,835183990.0,799729203.0,35454787.0,34185,32513,982,275,248,206,18,34474,32389,1206,154,296,437,25,34453,32317,1220,266,311,464,35,34435,31438,1427,441,321,563,23,34591,32354,1288,394,320,392,31,34507,31947,1380,450,346,413,28,26350,25333,583,156,145,158,8,26750,25885,373,67,109,314,0,27025,25935,570,109,105,257,0,27504,25471,886,281,242,439,14,27504,25471,886,183,155,50,2,59,698,27179,26030,569,178,162,161,0,27420,26030,692,229,238,150,0,109,14253,6284,7674,13367,4835,8532,14714,3744,10133,14652,4546,9078,14605,4917,9180,14190,3282,10908,12175,3864,7839,14637,4322,9824,16152,4513,11327,16085,2939,11407,15845,4413,11432,58081.921841381074,18,,,,
45,18115,Ohio County,-84.9642994,38.940527,226496352.0,223126824.0,3369528.0,6128,5967,69,31,25,34,0,5887,5693,64,68,33,29,0,5874,5663,74,55,41,41,0,5940,5629,79,49,50,116,29,5890,5614,80,60,47,43,0,5974,5662,0,118,81,68,0,4828,4722,42,19,17,29,0,4735,4620,23,40,20,28,0,4725,4600,29,30,25,37,0,4724,4488,54,24,32,95,16,4724,4488,54,16,18,4,0,7,137,4744,4607,36,38,25,32,0,4735,4625,0,40,4,64,0,4,2922,1158,1713,2750,992,1758,2933,686,2118,2896,853,1948,2863,996,1805,2771,772,1999,2395,747,1586,2875,795,2029,3164,750,2392,3120,641,2210,3035,734,2301,17641.436394529424,18,,,,
46,18123,Perry County,-86.6265397,38.0814361,1000539783.0,988702370.0,11837413.0,19338,18428,192,515,95,94,6,19141,18035,260,685,116,117,28,19102,17976,266,653,118,128,24,19170,17853,220,500,178,322,17,19091,17931,281,626,146,113,7,19186,17861,293,701,166,144,4,15195,14468,117,469,66,70,5,14915,14210,64,509,18,105,0,14945,14180,124,503,33,100,0,15213,14230,158,425,127,221,12,15213,14230,158,384,80,26,3,23,309,15006,14138,216,496,61,91,0,15070,14185,174,569,51,89,0,15,8559,5141,3202,7720,4323,3397,8092,3062,4556,7990,3990,3612,7935,4222,3520,7545,3359,4186,7150,3364,3449,8016,3605,4185,8722,3203,5345,8648,2518,5523,8426,3763,4663,80876.83394667995,18,,,,
47,18007,Benton County,-87.3147863,40.6009394,1052852491.0,1052616458.0,236033.0,8854,8298,431,78,22,38,3,8667,8032,445,106,25,43,18,8677,8025,452,109,13,64,18,8719,7789,629,92,23,134,24,8695,8014,473,105,13,56,42,8709,7906,516,130,7,55,52,6570,6267,233,37,11,29,3,6425,6085,220,74,22,45,8,6450,6085,225,76,12,47,8,6554,5947,378,56,20,101,12,6554,5947,378,33,12,15,5,26,138,6412,6048,212,64,5,50,10,6430,6065,205,91,8,41,19,4,3878,1563,2183,3520,1158,2362,3688,860,2579,3694,1132,2316,3669,1201,2318,3562,834,2728,2964,847,1926,3678,998,2531,4108,1009,3007,4100,671,2815,4048,1111,2937,28951.890855710466,18,,,,
48,18069,Huntington County,-85.4785975,40.8263938,1004190400.0,991056717.0,13133683.0,37124,35692,631,295,243,291,18,36378,34551,847,410,292,283,23,36359,34459,894,409,301,294,35,36662,33874,1050,442,299,834,24,36351,34318,905,421,258,294,74,36699,34382,1012,409,329,341,58,28329,27506,381,126,133,199,11,28130,27090,446,213,98,268,15,28185,27085,443,215,154,279,30,28604,26729,656,239,196,640,22,28604,26729,656,155,127,110,7,54,766,28227,27043,454,236,137,270,60,28385,27220,528,179,131,251,60,18,15977,5652,10009,15398,4551,10847,16181,3506,11649,15773,4545,9941,15715,4941,10092,15342,3223,12119,13209,3699,8879,15870,4161,11090,17810,4255,13147,17731,2804,11759,17064,4258,12806,0.0,18,,,,
49,18169,Wabash County,-85.7951915,40.8437475,1090322203.0,1068468084.0,21854119.0,32888,31369,697,272,179,396,17,31631,29889,805,373,203,357,0,31389,29611,819,392,211,349,20,30976,28634,897,394,249,690,41,31198,29356,832,402,218,342,23,31032,28996,864,432,220,338,27,25429,24462,425,144,127,297,10,24755,23725,390,202,87,332,0,24655,23615,364,206,124,333,0,24287,22781,565,164,161,517,26,24287,22781,565,90,125,97,7,42,580,24504,23504,382,217,71,338,0,24440,23340,484,228,109,259,0,4,14010,5456,8238,12616,3959,8657,13550,3018,9819,13372,3925,8595,13317,4262,8636,12920,2844,10076,11299,3159,7658,13280,3519,9341,14573,3494,10762,14511,2421,9111,14030,3402,10628,0.0,18,,,,
50,18003,Allen County,-85.0717907,41.0919086,1709453945.0,1702400299.0,7053646.0,355233,271760,23079,47617,11434,3335,454,370016,274671,27170,51620,16279,3585,467,372572,275142,27818,51851,16903,3452,540,385410,270149,32923,54010,21306,8077,551,375520,274722,28676,52311,18233,3328,530,385456,276507,30851,53821,21018,3843,502,259293,208035,13302,29451,7068,2258,295,262790,212230,10940,31259,6028,1969,84,264165,212990,11413,31430,6026,2019,85,287203,212663,20077,35029,13666,5638,374,287203,212663,20077,30792,12167,700,104,1089,9611,266997,213835,12286,31593,6746,2012,93,274420,217315,13430,32815,8244,1980,147,610,150581,71256,77782,144559,59972,84587,148565,55379,83867,147807,59868,79370,146863,61879,80458,143403,49160,94243,125910,55903,65927,150246,62599,82846,169000,73189,92083,168312,53895,98406,165342,69691,95651,38824.28439759012,18,,,,
51,18099,Marshall County,-86.2690363,41.3250032,1164828571.0,1148969991.0,15858580.0,47051,42098,3971,446,306,352,12,46595,40816,4585,638,549,333,0,46465,40547,4689,664,578,277,0,46095,38910,5251,489,430,900,25,46336,40358,4731,641,513,433,0,46208,39925,4946,612,363,519,22,34402,31552,2292,190,195,236,9,33480,31230,1563,253,183,252,0,33145,31110,1480,269,177,148,0,34639,30125,3193,271,280,659,14,34639,30125,3193,151,199,57,4,70,840,33069,30947,1531,281,155,115,0,33310,30785,1893,310,103,237,20,0,18429,7675,10366,17422,6127,11295,18241,4798,12288,17945,6223,10659,17834,6772,10481,17262,4315,12947,14899,5619,8747,17915,5743,11624,19918,5712,13844,19804,4025,13145,19180,5474,13706,0.0,18,,,,
52,18117,Orange County,-86.489257,38.5473812,1057212238.0,1031795759.0,25416479.0,19840,19144,194,242,85,187,7,19547,18641,301,346,110,152,3,19545,18586,125,572,107,158,7,19867,18527,305,345,99,456,34,19552,18526,145,572,115,162,4,19768,18440,354,435,128,262,0,14953,14521,114,129,58,139,3,14875,14390,152,183,32,107,0,14925,14395,83,275,26,121,0,15229,14345,174,181,71,328,18,15229,14345,174,137,54,37,8,26,448,15047,14381,103,320,90,148,0,15230,14500,203,275,98,142,0,4,8144,3390,4536,7558,2937,4621,8278,2048,5803,8223,2795,5134,8027,2971,4827,7726,1980,5746,6772,2135,4353,8057,2370,5460,8830,2224,6432,8759,1952,5591,8405,2192,6213,0.0,18,,,,
53,18111,Newton County,-87.4021716,40.9623985,1044889333.0,1040539827.0,4349506.0,14244,13296,717,91,51,102,5,14018,13069,868,45,2,36,33,13992,13006,898,46,2,42,28,13830,12053,1039,97,77,394,30,13981,12674,953,251,0,102,26,13829,12243,1017,238,40,162,24,10965,10368,442,50,34,79,5,10585,10290,225,46,0,24,0,10735,10340,334,41,0,30,0,10867,9655,660,68,51,305,25,10867,9655,660,35,31,25,2,24,435,10651,10109,312,202,0,46,0,10675,9950,432,184,35,51,0,8,6093,2625,3301,5463,2175,3288,5857,1404,4074,5777,1788,3670,5758,2066,3483,5599,1640,3959,4563,1402,2966,5822,1606,4022,6591,1509,4942,6556,1148,4358,6438,1496,4942,47834.20727925411,18,,,,
54,18173,Warrick County,-87.2720486,38.0977282,1012817855.0,996739079.0,16078776.0,59689,56095,946,1148,1178,361,35,61928,57318,1122,1332,1790,313,15,62280,57543,1165,1399,1789,333,17,63898,57346,1383,1699,2001,1150,48,62608,57108,1213,1473,1890,317,4,64065,58146,1351,1768,2019,408,10,44258,42214,509,618,697,236,23,45950,43885,243,807,725,289,4,46245,44135,197,813,760,285,4,48428,44226,811,1008,1330,812,28,48428,44226,811,774,1169,75,11,96,1266,46394,44394,246,579,931,245,1,48025,45405,390,869,1130,232,4,0,28739,12329,16013,27875,10178,17697,29959,9086,19133,29656,11092,17255,29487,11434,17418,28301,8794,19507,24366,9594,14010,29943,11218,17964,33806,11923,21326,33524,9074,22703,32929,14194,18735,18620.703166547268,18,,,,
55,18179,Wells County,-85.2129742,40.7352727,958937652.0,953341275.0,5596377.0,27636,26604,564,187,141,181,9,27947,26450,812,336,216,190,0,28011,26429,861,357,221,187,0,28180,26000,1019,418,209,454,26,28010,26248,873,399,227,182,0,28167,26227,940,636,70,178,0,20737,20129,336,68,78,136,6,20850,20190,409,93,85,56,0,20995,20165,454,136,106,94,0,21349,19955,636,219,113,344,24,21349,19955,636,138,82,41,5,33,459,20917,20124,460,71,83,127,0,21055,20100,458,272,73,155,0,15,13135,4403,8504,12667,3427,9240,13287,2586,10005,13166,3516,8811,13097,3902,8766,12791,2443,10348,10892,2694,7819,12985,3087,9512,14044,2928,10855,14050,1967,9371,13828,3029,10799,0.0,18,,,,
56,18171,Warren County,-87.3751633,40.3524984,948986695.0,944543938.0,4442757.0,8508,8321,70,27,48,35,7,8247,7935,137,92,23,54,2,8237,7901,149,76,86,19,2,8440,8018,193,40,58,131,7,8219,7852,166,77,69,49,6,8454,8025,190,11,70,137,8,6512,6407,33,8,34,26,5,6410,6240,56,57,14,52,0,6385,6210,55,52,49,22,0,6524,6250,119,13,32,95,4,6524,6250,119,7,17,5,0,11,115,6449,6193,92,48,45,46,0,6590,6330,126,12,33,96,4,0,4057,1755,2166,3706,1310,2396,3951,839,2896,3960,1159,2589,3924,1260,2538,3831,879,2952,3279,914,2208,3975,1006,2840,4471,974,3401,4458,672,3009,4416,1019,3397,36607.2984565447,18,,,,
57,18089,Lake County,-87.3743368,41.472247,1622982581.0,1291702720.0,331279861.0,496005,274162,82663,133434,7952,4217,408,486849,264358,90954,123875,9451,4161,548,485684,262863,92186,122407,9700,4137,431,498700,251106,99927,133598,10401,11363,511,485983,259931,94064,122406,9926,3778,407,497682,261728,100415,125385,10202,5842,423,368732,220029,52741,90384,5552,2844,261,356965,212806,52566,84838,4449,1895,80,357624,211843,54370,84550,4767,2030,84,380651,207012,66998,94307,7445,8132,329,380651,207012,66998,88438,5879,569,75,1122,10558,358527,211362,55465,84670,4829,1792,54,367635,213775,60121,86366,5116,2130,90,400,205958,136999,66769,198916,130800,68116,202803,116935,75625,197301,122036,67657,197172,127491,64997,193151,124798,68353,162294,104390,54564,198019,119510,74130,219842,124870,91760,217232,112352,94841,212722,121406,91316,91286.26780053576,18,,,,
58,18157,Tippecanoe County,-86.8935538,40.3891334,1303394323.0,1292163451.0,11230872.0,172780,138855,12947,8421,11876,1261,187,189294,144589,15486,11657,16945,1198,255,191564,145263,15948,12206,17422,1198,296,186251,131465,18647,14118,18265,3395,2928,193302,145249,16372,12854,17701,1300,354,186955,138148,16670,13717,17151,1566,120,137063,113116,7991,5219,10147,917,144,134615,116790,5848,6776,4124,877,75,135420,116985,5882,7059,4510,882,64,147010,107142,12341,8714,15772,2511,2856,147010,107142,12341,7382,11870,297,38,554,7386,137424,117677,6181,7383,5293,833,76,134790,112840,7066,7631,6322,756,8,145,68356,37680,29806,55425,26670,28755,63342,27282,30768,63053,28921,30081,62695,30234,30141,60797,25506,35291,51456,26376,22649,63646,30240,30838,71430,35017,34581,71215,26179,37979,70446,33612,36834,0.0,18,,,,
59,18091,LaPorte County,-86.7447386,41.5490129,1588334684.0,1549555244.0,38779440.0,111467,90695,6093,13400,883,886,77,110552,87918,7136,14463,977,770,38,110153,87322,7269,14501,985,810,35,112417,85957,7985,14380,1217,2461,135,110026,86458,7510,14705,1015,844,27,112215,86922,8073,14935,1022,1060,40,86085,72150,3714,9206,603,627,36,84995,70740,3442,9729,466,589,4,84985,70540,3606,9798,476,561,0,88485,70261,5084,9923,873,1813,97,88485,70261,5084,8939,622,212,14,290,3063,84559,70186,3496,9931,439,574,0,86545,71245,4126,10065,468,608,0,68,47048,28247,17911,42782,24145,18637,45609,19798,22687,44908,22401,19733,44286,24139,18465,43036,20688,22348,37247,20014,16008,44558,21791,21317,49392,22427,25997,48618,18133,26129,47258,22163,25095,33983.11563907552,18,,,,
60,18057,Hamilton County,-86.021709,40.0535128,1042384149.0,1021431273.0,20952876.0,274569,237317,9426,11401,15326,1309,264,316095,266078,12280,15608,21743,1531,370,323134,270368,12928,16188,23000,1528,313,347467,275185,18106,19717,27925,5041,447,330455,274357,13662,17064,23784,1935,296,349527,283765,15660,19402,26794,2341,264,191631,169051,5525,6745,9586,850,158,217835,193200,5625,9163,8611,848,94,224775,197495,6449,9861,9809,902,69,253195,206224,11216,12475,18558,3487,268,253195,206224,11216,10390,16755,295,87,866,7362,229737,201342,6131,10603,10311,976,92,245170,212535,7521,11810,12082,1018,145,210,128108,49255,77695,134454,43755,90699,155966,57263,87404,155324,55708,92773,154729,60176,90381,149748,46684,103064,138072,61337,72325,164033,66740,92368,193871,88390,101587,193584,58714,117749,187347,77549,109798,0.0,18,,,,
61,18129,Posey County,-87.8686526,38.0276138,1086807530.0,1060302147.0,26505383.0,25910,25046,248,388,98,144,8,25589,24570,296,695,191,13,6,25560,24522,305,671,158,26,16,25222,23640,375,447,194,461,29,25480,24323,314,709,118,23,0,25226,23964,329,525,200,119,0,19772,19284,141,193,59,102,4,19810,19235,122,317,100,12,0,19780,19245,88,328,60,27,0,19448,18431,226,239,132,331,24,19448,18431,226,160,84,37,3,38,469,19742,19157,132,335,74,25,0,19610,19015,144,252,104,106,0,0,12881,5828,6804,11917,4503,7414,12592,3521,8404,12515,4857,7058,12484,5028,7202,12045,3617,8428,10640,3881,6324,12395,4441,7633,13231,3811,9206,13230,2773,9648,13200,5595,7605,162969.89260258275,18,,,,
62,18031,Decatur County,-85.499831,39.3059799,966901564.0,964946132.0,1955432.0,25740,24796,426,139,228,140,15,26552,25203,515,222,379,235,0,26562,25241,533,228,408,258,0,26472,24769,614,268,224,510,36,26587,25159,550,100,540,266,0,26432,24802,603,277,207,529,65,19180,18597,241,74,159,105,7,19800,19115,263,118,180,133,0,19855,19170,283,84,200,139,0,20317,19155,392,131,170,384,24,20317,19155,392,62,123,35,8,26,516,19866,19216,283,66,242,134,0,19900,19125,289,114,76,255,0,65,10560,3892,6449,10031,2925,7106,11178,2121,8490,10928,3022,7301,10833,3291,7231,10566,1925,8641,9006,2287,6246,10941,2593,7997,12287,2439,9575,12260,1562,7911,11783,2665,9118,0.0,18,,,,
63,18037,Dubois County,-86.8733845,38.3733441,1127509281.0,1106611837.0,20897444.0,41889,38791,2521,216,246,147,32,42418,38517,3115,503,295,236,0,42543,38378,3329,845,300,280,0,43637,38137,4146,389,375,519,34,42534,38271,3380,907,308,291,0,43584,38633,3783,1011,237,301,0,31220,29464,1410,96,164,102,15,30970,29820,907,107,85,58,0,31040,29780,993,196,59,43,0,33355,29962,2471,212,233,372,26,33355,29962,2471,138,184,44,5,60,491,31048,29750,966,264,34,44,0,31755,30210,1079,333,39,101,0,0,18650,8748,9524,18160,6518,11642,20095,5389,13365,19688,7692,11029,19494,8171,10821,18137,5319,12818,17126,5264,11204,19813,6812,12424,21757,6292,15033,21588,4586,14403,21116,8084,13032,0.0,18,,,,
64,18143,Scott County,-85.7518981,38.6794309,499215196.0,493140245.0,6074951.0,24181,23471,354,106,140,112,21,23743,22689,521,185,212,125,0,23759,22657,542,237,204,109,0,24384,22829,535,237,168,485,32,23785,22517,574,186,88,297,0,24403,22929,614,233,44,548,29,18369,17916,228,42,97,86,15,18090,17635,279,24,25,125,0,18230,17650,390,54,30,109,0,18845,17783,344,114,110,390,20,18845,17783,344,56,70,25,9,28,530,18401,17618,380,74,24,301,0,18780,17995,295,76,15,435,0,0,8914,4271,4445,8527,3992,4535,9147,2642,6074,9098,3763,5046,8944,3830,4869,8606,3076,5530,7663,3113,4241,9079,3153,5685,10166,2701,7331,9975,2297,6065,9411,2915,6496,0.0,18,,,,
65,18137,Ripley County,-85.2604937,39.1002257,1160474216.0,1156231104.0,4243112.0,28818,27879,445,129,190,199,11,28425,27146,512,216,324,208,3,28391,27126,520,148,384,197,5,28995,27213,541,202,269,634,8,28457,27089,526,120,396,197,13,28990,27501,533,105,466,173,0,21228,20664,252,59,120,136,8,21475,20730,258,147,165,179,0,21395,20750,208,80,175,179,0,22283,21111,331,117,179,454,5,22283,21111,331,49,137,34,0,33,588,21509,20834,240,64,219,147,0,22020,21320,244,74,244,137,0,0,12252,4187,7794,10712,3202,7510,12935,2471,9806,12875,3182,9227,12782,3540,8948,12466,2437,10029,9469,2350,6880,12634,2813,9546,14264,2774,11261,14207,2231,9518,13912,2841,11071,0.0,18,,,,
66,18161,Union County,-84.9251523,39.6231109,427807095.0,417480470.0,10326625.0,7516,7280,82,47,40,59,13,7153,6838,128,5,142,40,0,7114,6788,126,15,167,29,0,7087,6765,74,61,73,118,24,7140,6777,155,19,156,46,0,7041,6650,160,53,53,139,0,5631,5492,49,25,22,42,4,5500,5415,0,8,43,40,0,5485,5395,20,8,33,30,0,5487,5272,48,39,48,93,10,5487,5272,48,18,27,11,0,7,104,5519,5404,33,8,43,46,0,5530,5290,50,39,28,130,0,0,3374,1220,2058,3029,1011,2018,3315,715,2445,3290,901,2252,3262,936,2179,3173,692,2481,2504,682,1749,3183,779,2318,3483,736,2688,3459,603,2533,3336,711,2625,22789.839613425815,18,,,,
67,18047,Franklin County,-85.0669641,39.409762,1012814127.0,995658281.0,17155846.0,23087,22600,210,79,82,129,14,22842,22704,25,43,70,3,0,22771,22050,183,301,237,6,0,22785,21790,219,112,146,434,18,22750,21988,267,354,122,7,0,22850,21981,294,276,151,112,0,17054,16769,110,30,52,96,10,17350,17270,18,25,43,0,0,17205,16920,110,60,105,0,0,17422,16757,127,52,94,324,15,17422,16757,127,14,66,25,1,17,415,17303,16950,167,60,117,11,0,17535,17070,177,40,155,106,0,0,10670,3404,7018,10332,2898,7434,11097,1969,8669,10911,2625,7926,10749,2697,7795,10467,1903,8564,8392,1869,6304,10702,2218,8271,11997,2137,9691,11822,1690,8633,11264,2120,9144,24144.48227630197,18,,,,
68,18005,Bartholomew County,-85.8979988,39.205843,1060683953.0,1053968848.0,6715105.0,76794,66817,4762,1937,2846,522,128,81893,67423,5423,2479,6091,656,138,82481,67210,5572,2658,6557,681,175,82208,64395,7257,2863,5844,1691,145,83280,67114,6018,2672,7076,715,170,82371,65268,6513,3008,7183,663,64,57434,51066,2846,1175,2056,365,72,56045,52130,1492,1328,791,322,10,56525,52225,1547,1384,1108,296,15,62440,50688,4371,1803,4157,1245,88,62440,50688,4371,1335,3939,107,32,193,1775,57034,52309,1800,1405,1177,333,0,56420,51110,2080,1254,1505,415,0,70,30310,13238,16596,28671,10589,18082,32716,9841,20639,32249,11354,19050,32063,11869,19062,30981,8789,22192,26516,10071,15222,32325,11340,19816,36216,12934,22410,36037,9013,21959,34865,12151,22714,0.0,18,,,,
69,18017,Cass County,-86.3551685,40.7537986,1074450432.0,1067448391.0,7002041.0,38966,32624,4897,787,497,351,45,38084,30638,5667,805,806,296,32,37880,30194,5817,842,856,299,236,37870,28744,6675,975,739,978,45,37727,29809,5922,868,941,264,202,37820,29009,6371,901,834,422,245,28873,25177,2807,433,323,253,25,26780,24480,1285,451,307,231,4,26765,24305,1508,454,263,238,4,28711,22966,4064,612,497,720,27,28711,22966,4064,427,390,82,7,44,731,27110,24116,1861,469,404,206,19,27120,23935,2320,390,254,216,0,29,15774,7011,8346,13785,5357,8428,14209,3759,9701,14246,4927,8306,14232,5662,8059,13887,3838,10049,11450,4061,6617,13951,4486,8938,15189,4304,10552,15146,3373,8833,14984,4478,10506,0.0,18,,,,
70,18015,Carroll County,-86.5651412,40.5849801,971293736.0,964057413.0,7236323.0,20155,19188,711,111,52,112,8,19994,18811,787,158,134,101,35,20074,18853,814,292,60,53,11,20306,18727,823,256,103,320,13,20137,18837,867,196,144,80,12,20397,18891,959,237,127,136,4,15198,14636,421,39,35,85,6,15175,14720,256,57,65,65,4,15360,14790,319,172,40,39,4,15504,14528,492,126,74,234,2,15504,14528,492,80,38,23,0,28,315,15448,14830,358,111,54,68,0,15740,14985,457,141,34,84,0,20,8825,3736,4858,7615,2607,5008,8701,1892,6273,8684,2522,5512,8659,2923,5381,8426,1933,6493,6914,2071,4518,8624,2309,5988,9495,2224,7086,9510,1569,6077,9466,2399,7067,0.0,18,,,,
71,18107,Montgomery County,-86.8927145,40.0402962,1309098242.0,1307030255.0,2067987.0,38124,35374,1739,496,287,259,25,38276,35246,1827,659,394,257,54,38287,35177,1836,679,423,286,72,37936,33748,2281,607,391,779,50,38295,35084,1872,797,420,272,66,38018,34302,1962,725,348,322,60,28985,27287,1080,256,198,189,16,28725,27430,492,330,275,206,10,28815,27415,535,320,267,240,10,29215,26449,1476,336,269,591,22,29215,26449,1476,239,189,61,11,45,745,28971,27548,498,321,341,236,11,28505,27245,492,343,160,209,19,54,15379,6013,9060,14089,4229,9860,15272,3362,11059,15187,4393,9808,15167,5201,9412,14634,3127,11507,12539,3518,8362,15253,4077,10638,17198,4213,12659,17184,2812,10587,16414,4011,12403,0.0,18,,,,
72,18051,Gibson County,-87.5805231,38.3173981,1293220281.0,1262317070.0,30903211.0,33503,31752,441,913,211,239,9,33596,31602,523,1046,218,248,30,33656,31492,545,1192,227,272,38,33011,30159,680,1107,305,585,34,33711,31305,568,1266,233,264,36,33006,30005,649,1121,291,272,194,25358,24297,267,527,135,166,5,25510,24450,246,522,98,147,0,25415,24355,237,547,89,140,0,25160,23303,433,648,200,445,16,25160,23303,433,475,167,50,12,77,643,25294,24261,203,587,94,143,0,24785,23605,197,550,121,167,140,38,15250,6455,8449,14403,4891,9512,15484,3721,11081,15515,5519,9220,15516,5969,9203,14990,4053,10937,12512,4001,8040,15118,4883,9857,16161,4023,11817,16130,2990,11607,15933,6122,9811,53273.02802768204,18,,,,
73,18165,Vermillion County,-87.4620713,39.8540452,673170407.0,665275343.0,7895064.0,16212,15862,130,68,57,92,16,15560,15025,57,239,98,94,22,15539,14984,137,229,80,97,6,15439,14692,168,123,99,235,31,15485,14937,208,166,86,95,8,15488,14826,241,186,75,110,21,12468,12255,76,29,34,69,11,12055,11710,34,149,60,72,0,12005,11680,91,114,40,80,4,12148,11610,109,58,76,188,17,12148,11610,109,22,42,23,11,13,318,11994,11670,90,90,50,65,2,12060,11670,115,110,49,86,14,20,7232,4003,3010,6406,2986,3420,6973,2081,4513,6902,3197,3247,6875,3339,3279,6580,2568,4012,5582,2189,3001,6814,2555,3997,7480,2145,5184,7386,1531,4938,7155,2428,4727,60224.07587043422,18,,,,
74,18065,Henry County,-85.3973629,39.9295911,1022610016.0,1014957932.0,7652084.0,49462,46933,691,1326,255,310,26,48483,45405,843,1605,322,330,31,48255,45115,878,1662,328,337,28,48914,45105,977,1538,365,795,43,48158,44984,916,1664,329,340,7,48913,45358,1015,1745,349,422,43,38418,36583,436,1027,165,242,14,38270,36120,489,1232,135,281,10,38210,35975,508,1249,214,264,10,39055,36274,652,1138,236,605,31,39055,36274,652,964,158,49,4,79,875,38080,35953,561,1265,81,247,1,38860,36470,594,1356,191,251,0,33,21456,10059,10896,18442,7577,10865,20290,5124,13895,20161,6915,11664,20116,7551,10769,19413,5249,14164,15693,5171,9569,19611,6032,12627,21021,5544,15043,21061,4128,12491,20773,6084,14689,0.0,18,,,,
75,18049,Fulton County,-86.265006,41.0503837,961572682.0,954133346.0,7439336.0,20836,19438,882,244,129,181,9,20212,18601,1029,326,88,168,12,20091,18435,1044,290,173,173,11,20480,18452,1068,307,144,399,9,20069,18375,1060,341,132,217,7,20420,18398,1121,432,86,185,0,15673,14830,515,134,86,129,5,15040,14305,275,248,35,170,10,14985,14205,340,227,37,173,10,15582,14304,633,166,99,297,5,15582,14304,633,101,65,57,0,29,393,14895,14171,321,253,23,102,0,15230,14335,496,277,24,91,0,0,9067,3700,5145,7932,2609,5323,8437,1960,6010,8424,2793,5076,8412,2977,5142,8172,2022,6150,7008,2539,4154,8383,2482,5611,9144,2280,6694,9123,1603,5436,8962,2401,6561,0.0,18,,,,
76,18127,Porter County,-87.0713128,41.5099144,1351505294.0,1082885598.0,268619696.0,164343,141243,13933,5884,2690,1340,127,168041,140490,16449,7633,3096,1026,459,168659,140320,16816,7987,3146,1065,404,173215,136993,18904,9575,3479,3785,193,169482,139571,17335,8332,3152,1159,136,173355,140325,18657,8903,3395,1359,142,124422,110051,8422,3468,1878,900,83,127970,110950,10178,4332,1415,715,125,128825,111085,10724,4567,1368,727,125,134936,110578,12222,6142,2492,2786,132,134936,110578,12222,5163,1831,216,38,406,4482,129615,111491,10883,5108,1356,736,39,133210,113200,11912,5705,1469,776,15,77,73827,39178,33687,71593,37206,34387,78266,33676,38832,76777,36828,35629,76914,41563,32913,74175,36163,38012,64795,33390,29368,77982,37434,38024,86410,39746,45008,86524,33397,45996,85532,39256,46276,23992.26117858403,18,,,,
77,18055,Greene County,-87.0047712,39.0471466,1413903520.0,1404983901.0,8919619.0,33165,32343,322,111,148,232,15,32295,31235,446,237,182,258,52,32159,31071,468,245,185,259,47,30803,29035,551,206,203,687,30,32174,30935,531,213,186,243,52,30900,29555,594,220,180,288,0,25282,24776,183,47,93,181,12,25035,24450,162,90,88,165,20,24990,24365,183,85,102,175,15,24000,22823,293,85,125,511,24,24000,22823,293,33,80,60,4,46,661,25054,24330,166,97,129,195,20,24095,23350,227,166,110,240,0,4,13770,5709,7689,12780,4331,8449,13861,2929,10277,13631,5062,7866,13756,6610,6834,12794,3379,9415,10770,3312,6947,13448,4149,8940,14782,3389,11103,14694,2511,9579,14437,3859,10578,0.0,18,,,,
78,18139,Rush County,-85.4665291,39.6223616,1057907670.0,1057069330.0,838340.0,17392,16839,190,210,66,82,8,16704,16006,266,328,54,56,0,16637,15919,275,356,43,65,0,16752,15876,252,232,102,270,20,16632,15896,283,376,30,50,0,16716,15874,303,299,53,113,0,13085,12767,111,103,44,61,5,12860,12435,134,230,30,40,0,12785,12380,114,230,29,44,0,12896,12346,133,127,72,198,9,12896,12346,133,74,34,19,3,21,266,12907,12389,121,291,6,35,0,12950,12460,195,177,24,106,0,0,7697,3228,4270,6833,2206,4627,7266,1525,5292,7155,2238,4472,7141,2440,4393,6927,1351,5576,6083,1690,3991,7194,1896,5001,7932,1754,6035,7880,1215,4949,7633,1871,5762,0.0,18,,,,
79,18163,Vanderburgh County,-87.5861659,38.0200703,613462298.0,604506363.0,8955935.0,179703,153080,3873,19012,2666,1168,237,181313,152149,4685,20044,3075,1050,378,181291,151571,4814,20441,3214,1033,362,180136,143444,6313,22165,3484,3646,835,181548,150944,5034,20913,3300,1019,401,179900,147455,5426,21450,3329,1201,512,139807,122856,2416,11922,1809,878,144,139365,122375,1786,12750,1450,857,25,139220,121940,1803,12963,1567,818,10,141188,116710,3953,14488,2481,2772,482,141188,116710,3953,12664,1919,272,379,377,4914,139350,121738,1768,13271,1746,787,10,137984,119639,2253,13515,1671,795,65,96,77728,39368,37449,71064,31704,39360,73375,28530,40496,72726,32077,36835,72487,32370,38188,69979,27626,42353,58520,27183,29375,71816,32512,37232,77581,34415,41844,77390,27242,46490,77212,40531,36681,56228.88721820129,18,,,,
80,18081,Johnson County,-86.0942641,39.496092,833434670.0,829870735.0,3563935.0,139654,128903,4270,2365,3360,878,140,151564,135959,5286,4283,5196,848,109,153707,136795,5498,4603,5755,870,163,161765,136748,6394,5848,8669,3268,208,156148,137744,5711,4798,6585,914,157,161952,139567,6230,5798,8242,1025,174,102754,96133,2481,1324,2223,621,75,110430,103230,2234,2093,2195,603,0,112130,104295,2234,2288,2570,638,0,121314,105312,3836,3246,5877,2371,130,121314,105312,3836,2562,5319,207,54,376,3648,114378,105460,2695,2625,2844,668,0,119335,108105,3129,3352,3896,700,45,73,58755,21553,36487,56721,17244,39477,67147,17318,45456,66982,19897,43317,66752,22263,42465,65170,16059,49111,51902,17479,32540,67347,20781,44368,77573,24736,51219,77274,17630,47467,74461,23159,51302,0.0,18,,,,
81,18119,Owen County,-86.8388453,39.3173394,1004478016.0,997909074.0,6568942.0,21575,20983,198,116,108,172,6,20878,20097,259,237,160,217,0,20835,20032,262,145,170,278,0,21321,19874,297,237,165,624,24,20854,20027,271,84,175,350,0,21361,20419,287,181,195,281,0,16564,16190,128,60,65,120,4,16325,15780,164,101,88,173,0,16305,15785,133,47,87,274,0,16803,15815,178,117,99,474,18,16803,15815,178,61,50,32,0,38,629,16391,15816,133,9,88,341,0,16970,16315,193,144,75,248,0,4,8197,3570,4415,7874,2811,5063,8616,1946,6153,8534,2642,5333,8493,3073,5085,8174,2109,6065,7194,2210,4601,8673,2447,5893,9904,2420,7286,9846,1852,5857,9518,2597,6921,0.0,18,,,,
82,18023,Clinton County,-86.4775665,40.305944,1049580311.0,1049119194.0,461117.0,33224,28349,4395,229,124,212,25,32301,26671,5028,491,151,152,48,32262,26498,5118,391,160,118,56,33190,25808,6142,411,167,671,50,32186,26332,5174,553,154,138,33,33020,26600,5611,718,187,153,9,24375,21633,2454,101,80,143,11,22255,20565,1281,144,94,126,19,22150,20445,1296,153,118,109,34,24551,20008,3712,215,97,482,35,24551,20008,3712,140,53,51,6,26,555,21968,20333,1247,166,111,140,3,22310,20610,1386,91,105,115,0,8,12504,5307,6919,9639,3289,6350,11991,2819,8531,11726,3693,7291,11670,4120,7126,11375,2692,8683,9207,2755,5967,11632,3331,7917,12941,3361,9334,12891,2406,7971,12720,3451,9269,0.0,18,,,,
83,18059,Hancock County,-85.7731503,39.8225286,795194851.0,792425161.0,2769690.0,70002,65859,1216,1758,796,443,35,73830,68493,1674,2237,914,461,54,75138,69410,1776,2513,939,471,0,79840,71106,2202,3297,1375,1565,103,76614,70403,1931,2744,1033,488,0,80170,72422,2326,3440,1186,514,0,51664,49141,725,1028,490,301,22,55550,52530,748,1338,489,389,0,56780,53395,913,1512,519,394,0,60833,55126,1353,2055,940,1127,60,60833,55126,1353,1711,608,98,27,121,1789,58024,54307,1046,1603,571,421,0,61015,56500,1209,2237,686,398,0,0,33605,11853,21298,32093,9296,22797,36496,8904,25074,36398,10775,23196,36315,12350,22681,35298,8184,27114,30266,9770,19097,37284,11136,24761,42907,12895,28996,42809,8538,25647,41895,12324,29571,0.0,18,,,,
84,18135,Randolph County,-85.0057896,40.1640793,1174077062.0,1171656774.0,2420288.0,26171,24895,790,221,108,182,19,25076,23428,845,378,77,211,0,24926,23125,863,410,52,255,24,24502,22325,1156,311,151,474,19,24694,22782,899,350,110,245,28,24586,22606,990,339,130,272,32,19788,19059,450,91,61,130,9,18970,18355,261,213,10,138,0,18880,18220,291,198,10,141,0,18990,17688,625,148,76,344,9,18990,17688,625,86,44,36,0,44,467,18678,18094,254,115,8,123,0,18675,18045,396,66,4,148,15,14,10935,4839,5788,9967,3750,6217,10524,2446,7517,10257,3230,6411,10199,3621,6094,9950,2447,7503,8109,2467,5137,10141,2795,6934,11068,2513,8312,10994,1863,7399,10583,2589,7994,33961.113388951744,18,,,,
85,18077,Jefferson County,-85.44009,38.7836039,940196904.0,934053824.0,6143080.0,32428,30463,755,743,279,195,19,32237,29926,876,861,322,211,10,32207,29820,901,885,337,213,10,33147,30023,1111,871,399,578,43,32167,29727,918,909,341,336,0,33057,30442,1012,988,387,299,13,25094,23830,434,472,198,157,15,25355,24035,445,526,145,182,0,25375,24005,415,546,214,173,0,26165,24005,693,594,279,448,23,26165,24005,693,440,219,71,10,80,647,25337,24008,364,574,86,201,0,26195,24745,472,642,113,173,0,85,13542,6255,7053,12780,5688,7092,13653,4326,8546,13431,5424,7541,13223,5373,7505,12771,4424,8347,11242,4313,6345,13340,4801,8148,14690,4731,9663,14537,3711,9076,13882,4591,9291,41729.1138316683,18,,,,
86,18167,Vigo County,-87.3903754,39.4291426,1063061562.0,1045344987.0,17716575.0,107848,93550,2469,8887,2173,948,112,107693,92262,2826,9304,2556,1160,188,107459,91866,2886,9384,2605,1113,143,106153,88137,3239,9203,2604,2252,121,107305,91459,2971,9416,2663,1045,163,106355,90210,2999,9165,2725,940,143,84799,74380,1771,6382,1655,721,62,83450,73445,1570,6410,1068,665,45,83475,73200,1780,6439,1097,691,70,84465,71061,2247,6764,2070,1724,79,84465,71061,2247,5916,1710,275,24,417,2815,83326,73090,1767,6537,1087,653,60,83010,72600,1872,6572,1196,693,115,52,44031,25040,18121,39059,19683,19376,40127,15931,21937,39856,21028,16581,39722,21841,16772,38035,17514,20521,31658,15171,14813,39022,18217,19540,43568,18123,24545,43335,13999,25917,40246,17474,22772,47648.28228432165,18,,,,
87,18039,Elkhart County,-85.8639864,41.6006928,1212038033.0,1199580232.0,12457801.0,197559,152555,27886,13745,2597,1830,208,203604,152835,31761,14594,2879,2274,398,204507,152931,32581,14772,2978,2095,373,207047,145039,39594,15237,3336,5089,247,205184,152461,33339,15417,3006,2067,305,206841,151411,35681,15228,3269,2270,274,141384,115465,15667,7908,1664,1190,126,136555,116175,9726,8180,1286,1050,58,137895,116320,10589,8262,1480,1050,74,150481,111800,24203,9133,2255,3570,139,150481,111800,24203,7556,1772,298,38,437,4377,138961,116333,11736,8195,1413,1041,42,140735,116165,13517,8075,1664,1071,48,354,71705,31398,39396,66660,24349,42311,66239,20740,41867,66129,23416,39291,65861,23749,40161,65208,17371,47837,53887,21062,31164,66523,23333,41340,74321,26108,46972,74425,20512,46223,73775,25171,48604,33453.33448016962,18,,,,
88,18043,Floyd County,-85.9118469,38.3180811,387271244.0,384564471.0,2706773.0,74576,66503,1972,4753,965,531,55,76807,67654,2421,5334,1079,569,44,77373,67959,2536,5296,1145,513,46,80484,67970,3082,6039,1458,1818,99,77879,68157,2664,5593,1179,515,48,80191,69459,2999,5811,1330,681,87,56646,51776,1145,2813,602,384,35,58498,53374,1059,3136,496,461,0,58959,53654,1098,3161,616,436,0,62345,54211,1880,3735,1013,1348,57,62345,54211,1880,3029,755,135,8,159,2168,59555,54036,1266,3244,539,460,0,61240,55280,1342,3391,671,436,0,139,36595,16263,19957,34634,14786,19848,37842,13945,21432,37604,15504,20735,37010,15176,20783,35740,13558,22182,31825,14070,16588,37810,15510,21166,41761,17511,23400,41589,14948,24972,40826,16894,23932,16449.619361583456,18,,,,
89,18087,LaGrange County,-85.4278448,41.6424623,1001554887.0,983236299.0,18318588.0,37128,35290,1317,182,196,176,10,38942,36716,1544,120,245,417,33,39197,36894,1587,263,124,513,22,40446,37834,1733,247,133,404,35,39537,37181,1639,280,266,356,19,40364,37817,1754,327,222,367,0,24322,23328,710,65,109,124,4,25615,24710,475,66,103,270,4,25945,24940,560,142,40,268,4,27020,25362,1061,134,86,285,14,27020,25362,1061,66,58,34,0,21,418,26268,25197,619,129,64,155,0,27065,25845,815,134,39,140,0,109,9592,3659,5697,9113,2885,6228,9666,2080,7025,9624,2782,6222,9614,2951,6315,9402,1922,7480,7680,2217,5183,9504,2419,6805,10633,2355,8110,10575,1690,7520,10265,2294,7971,38455.63232361293,18,,,,
90,18061,Harrison County,-86.1037661,38.1864535,1259102015.0,1253823026.0,5278989.0,39364,37984,581,299,228,251,35,39712,37888,730,454,266,260,0,39887,38035,768,468,271,265,0,39654,36702,928,451,336,897,38,40164,38173,805,483,288,264,0,39684,37642,847,558,319,435,8,30057,29241,322,163,137,192,17,30540,29560,304,305,173,212,0,30650,29745,320,250,145,213,0,30603,28693,521,245,209,697,20,30603,28693,521,153,154,80,5,72,925,30912,29928,381,301,129,214,0,30620,29570,388,354,107,242,0,10,18512,7676,10548,17240,6605,10635,18558,4783,12943,18603,6580,11442,18411,6303,11690,17734,4895,12839,15617,5131,9847,18496,5604,12457,20231,5343,14565,20199,4514,14083,19730,5493,14237,75233.4987327797,18,,,,
91,18083,Knox County,-87.4203544,38.688391,1356877763.0,1335984786.0,20892977.0,38440,36154,590,1220,281,222,24,37409,34727,717,1340,365,247,57,37065,34360,752,1349,377,250,26,36282,33027,1005,1039,366,632,55,36833,33787,834,1327,388,246,19,36148,32766,924,1277,417,245,42,30248,28585,335,961,199,183,13,29150,27400,440,913,217,209,15,28860,27115,434,928,176,212,25,28289,25954,677,727,265,501,46,28289,25954,677,566,214,63,12,73,730,28611,26914,399,857,182,224,23,27890,26385,453,740,66,192,40,18,16245,7249,8641,14738,5179,9559,15602,3772,11077,15131,6503,7816,15400,8597,6511,14011,4206,9805,12623,3976,7875,14931,5284,9254,16004,4067,11655,15840,2809,11210,15422,4881,10541,88629.24428280647,18,,,,
